{"online": [[
            0.0157109,
            0.14205404,
            10.67399746
        ], [
            0.15909887, 0,
            3.33103899
        ], [
            0.24751647, 0,
            4.32101177
        ], [
            0.1307986, 0,
            3.32655874
        ], [
            1.00724158e-02,
            6.98910856e-02,
            1.34060655e+01
        ], [
            0.0755514,
            0.24583203,
            8.78593186
        ], [
            0.01437076,
            0.02862137,
            9.19746847
        ], [
            0.13724691, 0,
            3.9448675
        ], [
            4.25473657e-03,
            7.35272100e-02,
            2.18887758e+01
        ], [
            0.03464722,
            0.06580813,
            8.76933151
        ], [
            0.19689688,
            0.00934279,
            4.41945257
        ], [
            1.06665318e-02,
            8.61561943e-02,
            1.12226364e+01
        ], [
            7.61198559e-03,
            2.07707560e-02,
            3.63781677e+01
        ], [
            0.01503918,
            0.09477279,
            9.09655898
        ], [
            0.64358526, 0,
            2.80793102
        ], [
            0.02059547,
            0.05595344,
            12.2437996
        ], [
            4.13449867e-03,
            2.50147260e-01,
            1.93934643e+01
        ], [
            0.03878943,
            0.02681662,
            7.3666189
        ], [
            0.08314085,
            0.27455345,
            8.26613688
        ], [
            1.36911386e-01,
            6.98902978e-04,
            4.06584704e+00
        ], [
            0.23713158, 0,
            3.3990123
        ], [
            0.07190911, 0,
            3.76201153
        ], [
            1.30950569e-02,
            1.88537455e-01,
            1.38030208e+01
        ], [
            0.13960775, 0,
            3.80307229
        ]
    ], "offline": [[
            0.03272776, 0,
            2.16782434
        ], [
            0.67349008,
            0.42800778, 0
        ], [
            0.98354098,
            0.04870251, 0
        ], [ 1,  0,
            49.59847147
        ], [
            0.11954703, 0,
            2.79094851
        ], [
            0.50215552,
            0.02060802,
            9.41368533
        ], [
            0.13090225, 0,
            2.74581978
        ], [
            5.33439015e-02,
            1.34144628e-11,
            5.58650796e+00
        ], [
            1.00000000e+00,
            1.03417642e-03,
            4.93191937e+00
        ], [
            0.01811735, 0,
            4.74248593
        ], [
            0.08574254, 0,
            2.15287598
        ], [
            0.70562354, 1, 0
        ], [
            1.00000000e+00,
            4.71662136e-03,
            5.46905504e+00
        ], [
            0.07086242, 0,
            4.43555262
        ], [
            0.05161269, 0,
            1.84158428
        ], [
            0.29273059, 0,
            1.15430071
        ], [
            0.12028599, 0,
            1.61178381
        ], [ 1,  0,
            32.15490455
        ], [
            0.04041481, 0,
            5.7356985
        ], [
            0.22328106, 0,
            2.77756645
        ], [
            0.0697046, 0,
            2.4628041
        ], [1,
            0.05297623, 0
        ], [1, 1, 0
        ], [
            0.82140939,
            0.29293188, 0
        ]
    ]
}